"date","cultivar","location","season","cutting_height","replication","tea_buds_cm","leaf_number","avg_inter_node","open_plane","buds_weight_100","sample_label"
"43886","台茶12號","6區","第一水",53,"1",6.1,4,1.525,1,118,"茶菁1"
"43886","台茶12號","6區","第一水",53,"2",3.3,3,1.1,1,118,"茶菁1"
"43886","台茶12號","6區","第一水",53,"3",18.8,6,3.13333333333333,0,118,"茶菁1"
"43886","台茶12號","6區","第一水",53,"4",4.2,4,1.05,1,118,"茶菁1"
"43886","台茶12號","6區","第一水",53,"5",7.8,5,1.56,1,118,"茶菁1"
"43886","台茶12號","6區","第一水",53,"6",1,2,0.5,1,118,"茶菁1"
"43886","台茶12號","6區","第一水",53,"7",11,5,2.2,0,118,"茶菁1"
"43886","台茶12號","6區","第一水",53,"8",4.7,5,0.94,1,118,"茶菁1"
"43886","台茶12號","6區","第一水",53,"9",13.8,6,2.3,0,118,"茶菁1"
"43886","台茶12號","6區","第一水",53,"10",3.4,3,1.13333333333333,1,118,"茶菁1"
"43886","台茶12號","6區","第一水",53,"11",10,5,2,1,121.7,"茶菁2"
"43886","台茶12號","6區","第一水",53,"12",7.8,5,1.56,0,121.7,"茶菁2"
"43886","台茶12號","6區","第一水",53,"13",12.1,5,2.42,0,121.7,"茶菁2"
"43886","台茶12號","6區","第一水",53,"14",3.6,4,0.9,1,121.7,"茶菁2"
"43886","台茶12號","6區","第一水",53,"15",7.3,4,1.825,0,121.7,"茶菁2"
"43886","台茶12號","6區","第一水",53,"16",2.5,3,0.833333333333333,1,121.7,"茶菁2"
"43886","台茶12號","6區","第一水",53,"17",7.6,5,1.52,1,121.7,"茶菁2"
"43886","台茶12號","6區","第一水",53,"18",7.1,5,1.42,0,121.7,"茶菁2"
"43886","台茶12號","6區","第一水",53,"19",5.6,4,1.4,1,121.7,"茶菁2"
"43886","台茶12號","6區","第一水",53,"20",6.7,4,1.675,1,121.7,"茶菁2"
"43886","台茶12號","6區","第一水",53,"21",6.8,4,1.7,1,106.6,"茶菁3"
"43886","台茶12號","6區","第一水",53,"22",20,6,3.33333333333333,0,106.6,"茶菁3"
"43886","台茶12號","6區","第一水",53,"23",9,6,1.5,1,106.6,"茶菁3"
"43886","台茶12號","6區","第一水",53,"24",11.2,6,1.86666666666667,1,106.6,"茶菁3"
"43886","台茶12號","6區","第一水",53,"25",12.3,5,2.46,0,106.6,"茶菁3"
"43886","台茶12號","6區","第一水",53,"26",7.4,5,1.48,1,106.6,"茶菁3"
"43886","台茶12號","6區","第一水",53,"27",6.7,4,1.675,1,106.6,"茶菁3"
"43886","台茶12號","6區","第一水",53,"28",10.8,5,2.16,0,106.6,"茶菁3"
"43886","台茶12號","6區","第一水",53,"29",4.8,3,1.6,1,106.6,"茶菁3"
"43886","台茶12號","6區","第一水",53,"30",3.5,3,1.16666666666667,1,106.6,"茶菁3"
"43901","青心大冇","10-1","第一水",55,"1",1.2,2,0.6,1,142.1,"茶菁1"
"43901","青心大冇","10-1","第一水",55,"2",4.8,4,1.2,1,142.1,"茶菁1"
"43901","青心大冇","10-1","第一水",55,"3",7.5,4,1.875,1,142.1,"茶菁1"
"43901","青心大冇","10-1","第一水",55,"4",10.2,3,3.4,0,142.1,"茶菁1"
"43901","青心大冇","10-1","第一水",55,"5",12,4,3,0,142.1,"茶菁1"
"43901","青心大冇","10-1","第一水",55,"6",11.8,4,2.95,0,142.1,"茶菁1"
"43901","青心大冇","10-1","第一水",55,"7",6.8,3,2.26666666666667,1,142.1,"茶菁1"
"43901","青心大冇","10-1","第一水",55,"8",15.7,6,2.61666666666667,0,142.1,"茶菁1"
"43901","青心大冇","10-1","第一水",55,"9",8.2,4,2.05,1,142.1,"茶菁1"
"43901","青心大冇","10-1","第一水",55,"10",3.7,3,1.23333333333333,1,142.1,"茶菁1"
"43901","青心大冇","10-1","第一水",55,"11",13.6,4,3.4,0,131.8,"茶菁2"
"43901","青心大冇","10-1","第一水",55,"12",6.9,4,1.725,1,131.8,"茶菁2"
"43901","青心大冇","10-1","第一水",55,"13",15.8,5,3.16,0,131.8,"茶菁2"
"43901","青心大冇","10-1","第一水",55,"14",8.4,4,2.1,1,131.8,"茶菁2"
"43901","青心大冇","10-1","第一水",55,"15",6.9,4,1.725,1,131.8,"茶菁2"
"43901","青心大冇","10-1","第一水",55,"16",14.3,6,2.38333333333333,0,131.8,"茶菁2"
"43901","青心大冇","10-1","第一水",55,"17",10.7,4,2.675,0,131.8,"茶菁2"
"43901","青心大冇","10-1","第一水",55,"18",19,6,3.16666666666667,0,131.8,"茶菁2"
"43901","青心大冇","10-1","第一水",55,"19",8,4,2,1,131.8,"茶菁2"
"43901","青心大冇","10-1","第一水",55,"20",6,3,2,1,131.8,"茶菁2"
"43901","青心大冇","10-1","第一水",55,"21",11.3,5,2.26,1,123.2,"茶菁3"
"43901","青心大冇","10-1","第一水",55,"22",7.9,5,1.58,1,123.2,"茶菁3"
"43901","青心大冇","10-1","第一水",55,"23",16.8,6,2.8,0,123.2,"茶菁3"
"43901","青心大冇","10-1","第一水",55,"24",11.4,4,2.85,0,123.2,"茶菁3"
"43901","青心大冇","10-1","第一水",55,"25",8.9,4,2.225,0,123.2,"茶菁3"
"43901","青心大冇","10-1","第一水",55,"26",17.3,5,3.46,0,123.2,"茶菁3"
"43901","青心大冇","10-1","第一水",55,"27",9.8,5,1.96,1,123.2,"茶菁3"
"43901","青心大冇","10-1","第一水",55,"28",3.2,3,1.06666666666667,1,123.2,"茶菁3"
"43901","青心大冇","10-1","第一水",55,"29",7,4,1.75,1,123.2,"茶菁3"
"43901","青心大冇","10-1","第一水",55,"30",4,3,1.33333333333333,1,123.2,"茶菁3"
"43929","台茶12號","6區","第二水",56,"1",10.2,4,2.55,0,88.1,"茶菁1"
"43929","台茶12號","6區","第二水",56,"2",9,4,2.25,0,88.1,"茶菁1"
"43929","台茶12號","6區","第二水",56,"3",8.9,3,2.96666666666667,0,88.1,"茶菁1"
"43929","台茶12號","6區","第二水",56,"4",13.3,4,3.325,0,88.1,"茶菁1"
"43929","台茶12號","6區","第二水",56,"5",8.2,3,2.73333333333333,0,88.1,"茶菁1"
"43929","台茶12號","6區","第二水",56,"6",13.7,4,3.425,0,88.1,"茶菁1"
"43929","台茶12號","6區","第二水",56,"7",3.6,3,1.2,0,88.1,"茶菁1"
"43929","台茶12號","6區","第二水",56,"8",6.1,3,2.03333333333333,0,88.1,"茶菁1"
"43929","台茶12號","6區","第二水",56,"9",3,3,1,0,88.1,"茶菁1"
"43929","台茶12號","6區","第二水",56,"10",9.5,4,2.375,0,88.1,"茶菁1"
"43929","台茶12號","6區","第二水",56,"11",7.8,3,2.6,0,93.7,"茶菁2"
"43929","台茶12號","6區","第二水",56,"12",9.3,5,1.86,0,93.7,"茶菁2"
"43929","台茶12號","6區","第二水",56,"13",6.7,3,2.23333333333333,0,93.7,"茶菁2"
"43929","台茶12號","6區","第二水",56,"14",10.7,4,2.675,0,93.7,"茶菁2"
"43929","台茶12號","6區","第二水",56,"15",6.1,3,2.03333333333333,0,93.7,"茶菁2"
"43929","台茶12號","6區","第二水",56,"16",3.8,2,1.9,0,93.7,"茶菁2"
"43929","台茶12號","6區","第二水",56,"17",7.5,4,1.875,0,93.7,"茶菁2"
"43929","台茶12號","6區","第二水",56,"18",5.2,3,1.73333333333333,0,93.7,"茶菁2"
"43929","台茶12號","6區","第二水",56,"19",4.3,2,2.15,0,93.7,"茶菁2"
"43929","台茶12號","6區","第二水",56,"20",8.5,3,2.83333333333333,0,93.7,"茶菁2"
"43929","台茶12號","6區","第二水",56,"21",6.9,3,2.3,0,94.5,"茶菁3"
"43929","台茶12號","6區","第二水",56,"22",12,4,3,0,94.5,"茶菁3"
"43929","台茶12號","6區","第二水",56,"23",14.7,4,3.675,0,94.5,"茶菁3"
"43929","台茶12號","6區","第二水",56,"24",5.4,3,1.8,0,94.5,"茶菁3"
"43929","台茶12號","6區","第二水",56,"25",6.1,3,2.03333333333333,0,94.5,"茶菁3"
"43929","台茶12號","6區","第二水",56,"26",6,4,1.5,1,94.5,"茶菁3"
"43929","台茶12號","6區","第二水",56,"27",9,3,3,0,94.5,"茶菁3"
"43929","台茶12號","6區","第二水",56,"28",13.1,4,3.275,0,94.5,"茶菁3"
"43929","台茶12號","6區","第二水",56,"29",5.6,3,1.86666666666667,1,94.5,"茶菁3"
"43929","台茶12號","6區","第二水",56,"30",5.3,2,2.65,0,94.5,"茶菁3"
"43940","四季春","5區","第二水",58,"1",8.6,3,2.86666666666667,0,98.6,"茶菁1"
"43940","四季春","5區","第二水",58,"2",10.2,4,2.55,0,98.6,"茶菁1"
"43940","四季春","5區","第二水",58,"3",6.9,3,2.3,0,98.6,"茶菁1"
"43940","四季春","5區","第二水",58,"4",5.7,2,2.85,0,98.6,"茶菁1"
"43940","四季春","5區","第二水",58,"5",1.5,2,0.75,1,98.6,"茶菁1"
"43940","四季春","5區","第二水",58,"6",4.2,2,2.1,0,98.6,"茶菁1"
"43940","四季春","5區","第二水",58,"7",6.5,4,1.625,0,98.6,"茶菁1"
"43940","四季春","5區","第二水",58,"8",2.6,2,1.3,0,98.6,"茶菁1"
"43940","四季春","5區","第二水",58,"9",14.5,6,2.41666666666667,0,98.6,"茶菁1"
"43940","四季春","5區","第二水",58,"10",3.9,2,1.95,0,98.6,"茶菁1"
"43940","四季春","5區","第二水",58,"11",4.5,3,1.5,0,106.9,"茶菁2"
"43940","四季春","5區","第二水",58,"12",10,4,2.5,0,106.9,"茶菁2"
"43940","四季春","5區","第二水",58,"13",3.2,2,1.6,0,106.9,"茶菁2"
"43940","四季春","5區","第二水",58,"14",7.5,4,1.875,0,106.9,"茶菁2"
"43940","四季春","5區","第二水",58,"15",9.8,5,1.96,0,106.9,"茶菁2"
"43940","四季春","5區","第二水",58,"16",3.6,3,1.2,1,106.9,"茶菁2"
"43940","四季春","5區","第二水",58,"17",4.5,3,1.5,0,106.9,"茶菁2"
"43940","四季春","5區","第二水",58,"18",12,5,2.4,0,106.9,"茶菁2"
"43940","四季春","5區","第二水",58,"19",7.4,4,1.85,0,106.9,"茶菁2"
"43940","四季春","5區","第二水",58,"20",7.9,3,2.63333333333333,0,106.9,"茶菁2"
"43940","四季春","5區","第二水",58,"21",10.5,5,2.1,0,112.5,"茶菁3"
"43940","四季春","5區","第二水",58,"22",9.5,4,2.375,0,112.5,"茶菁3"
"43940","四季春","5區","第二水",58,"23",10.1,4,2.525,0,112.5,"茶菁3"
"43940","四季春","5區","第二水",58,"24",11.7,5,2.34,0,112.5,"茶菁3"
"43940","四季春","5區","第二水",58,"25",4.3,3,1.43333333333333,0,112.5,"茶菁3"
"43940","四季春","5區","第二水",58,"26",3,2,1.5,0,112.5,"茶菁3"
"43940","四季春","5區","第二水",58,"27",4.3,3,1.43333333333333,0,112.5,"茶菁3"
"43940","四季春","5區","第二水",58,"28",7.5,3,2.5,0,112.5,"茶菁3"
"43940","四季春","5區","第二水",58,"29",10.3,5,2.06,0,112.5,"茶菁3"
"43940","四季春","5區","第二水",58,"30",5.6,3,1.86666666666667,0,112.5,"茶菁3"
"43943","青心大冇","10-1","第二水",56,"1",8.6,4,2.15,0,93.4,"茶菁1"
"43943","青心大冇","10-1","第二水",56,"2",9,3,3,0,93.4,"茶菁1"
"43943","青心大冇","10-1","第二水",56,"3",13.7,5,2.74,0,93.4,"茶菁1"
"43943","青心大冇","10-1","第二水",56,"4",12.5,6,2.08333333333333,0,93.4,"茶菁1"
"43943","青心大冇","10-1","第二水",56,"5",15.7,5,3.14,0,93.4,"茶菁1"
"43943","青心大冇","10-1","第二水",56,"6",4.8,3,1.6,0,93.4,"茶菁1"
"43943","青心大冇","10-1","第二水",56,"7",4.2,3,1.4,0,93.4,"茶菁1"
"43943","青心大冇","10-1","第二水",56,"8",10,4,2.5,1,93.4,"茶菁1"
"43943","青心大冇","10-1","第二水",56,"9",8.4,4,2.1,1,93.4,"茶菁1"
"43943","青心大冇","10-1","第二水",56,"10",9,5,1.8,0,93.4,"茶菁1"
"43943","青心大冇","10-1","第二水",56,"11",6.7,4,1.675,1,105.9,"茶菁2"
"43943","青心大冇","10-1","第二水",56,"12",12.5,4,3.125,0,105.9,"茶菁2"
"43943","青心大冇","10-1","第二水",56,"13",13.8,4,3.45,0,105.9,"茶菁2"
"43943","青心大冇","10-1","第二水",56,"14",9.8,4,2.45,1,105.9,"茶菁2"
"43943","青心大冇","10-1","第二水",56,"15",12.8,5,2.56,0,105.9,"茶菁2"
"43943","青心大冇","10-1","第二水",56,"16",10.5,4,2.625,1,105.9,"茶菁2"
"43943","青心大冇","10-1","第二水",56,"17",9.9,3,3.3,0,105.9,"茶菁2"
"43943","青心大冇","10-1","第二水",56,"18",10.2,4,2.55,0,105.9,"茶菁2"
"43943","青心大冇","10-1","第二水",56,"19",9.1,3,3.03333333333333,0,105.9,"茶菁2"
"43943","青心大冇","10-1","第二水",56,"20",11,4,2.75,1,105.9,"茶菁2"
"43943","青心大冇","10-1","第二水",56,"21",14.4,5,2.88,0,102.1,"茶菁3"
"43943","青心大冇","10-1","第二水",56,"22",9.7,4,2.425,0,102.1,"茶菁3"
"43943","青心大冇","10-1","第二水",56,"23",12.4,4,3.1,0,102.1,"茶菁3"
"43943","青心大冇","10-1","第二水",56,"24",12.8,4,3.2,0,102.1,"茶菁3"
"43943","青心大冇","10-1","第二水",56,"25",5.8,3,1.93333333333333,0,102.1,"茶菁3"
"43943","青心大冇","10-1","第二水",56,"26",8.1,3,2.7,0,102.1,"茶菁3"
"43943","青心大冇","10-1","第二水",56,"27",12.7,4,3.175,0,102.1,"茶菁3"
"43943","青心大冇","10-1","第二水",56,"28",8.3,3,2.76666666666667,0,102.1,"茶菁3"
"43943","青心大冇","10-1","第二水",56,"29",6.5,3,2.16666666666667,0,102.1,"茶菁3"
"43943","青心大冇","10-1","第二水",56,"30",16.2,5,3.24,0,102.1,"茶菁3"
"43958","台茶8號","11-2","第二水",65,"1",8,5,1.6,1,147,"茶菁1"
"43958","台茶8號","11-2","第二水",65,"2",14.1,6,2.35,0,147,"茶菁1"
"43958","台茶8號","11-2","第二水",65,"3",11.7,5,2.34,1,147,"茶菁1"
"43958","台茶8號","11-2","第二水",65,"4",7.9,5,1.58,1,147,"茶菁1"
"43958","台茶8號","11-2","第二水",65,"5",8.3,4,2.075,1,147,"茶菁1"
"43958","台茶8號","11-2","第二水",65,"6",11.2,4,2.8,0,147,"茶菁1"
"43958","台茶8號","11-2","第二水",65,"7",3.5,3,1.16666666666667,1,147,"茶菁1"
"43958","台茶8號","11-2","第二水",65,"8",11.5,5,2.3,0,147,"茶菁1"
"43958","台茶8號","11-2","第二水",65,"9",2.3,3,0.766666666666667,1,147,"茶菁1"
"43958","台茶8號","11-2","第二水",65,"10",12.3,4,3.075,0,147,"茶菁1"
"43958","台茶8號","11-2","第二水",65,"11",3.1,3,1.03333333333333,1,113.5,"茶菁2"
"43958","台茶8號","11-2","第二水",65,"12",5.7,4,1.425,1,113.5,"茶菁2"
"43958","台茶8號","11-2","第二水",65,"13",3.7,3,1.23333333333333,1,113.5,"茶菁2"
"43958","台茶8號","11-2","第二水",65,"14",7.5,5,1.5,1,113.5,"茶菁2"
"43958","台茶8號","11-2","第二水",65,"15",8.9,5,1.78,1,113.5,"茶菁2"
"43958","台茶8號","11-2","第二水",65,"16",8.8,4,2.2,0,113.5,"茶菁2"
"43958","台茶8號","11-2","第二水",65,"17",8.3,4,2.075,1,113.5,"茶菁2"
"43958","台茶8號","11-2","第二水",65,"18",8.5,4,2.125,0,113.5,"茶菁2"
"43958","台茶8號","11-2","第二水",65,"19",8.3,5,1.66,0,113.5,"茶菁2"
"43958","台茶8號","11-2","第二水",65,"20",10.2,5,2.04,0,113.5,"茶菁2"
"43958","台茶8號","11-2","第二水",65,"21",11.3,5,2.26,1,133.3,"茶菁3"
"43958","台茶8號","11-2","第二水",65,"22",6.5,4,1.625,1,133.3,"茶菁3"
"43958","台茶8號","11-2","第二水",65,"23",5.8,4,1.45,1,133.3,"茶菁3"
"43958","台茶8號","11-2","第二水",65,"24",6.3,4,1.575,1,133.3,"茶菁3"
"43958","台茶8號","11-2","第二水",65,"25",4.9,3,1.63333333333333,1,133.3,"茶菁3"
"43958","台茶8號","11-2","第二水",65,"26",7.4,4,1.85,0,133.3,"茶菁3"
"43958","台茶8號","11-2","第二水",65,"27",5.9,4,1.475,0,133.3,"茶菁3"
"43958","台茶8號","11-2","第二水",65,"28",8,5,1.6,1,133.3,"茶菁3"
"43958","台茶8號","11-2","第二水",65,"29",11.4,4,2.85,0,133.3,"茶菁3"
"43958","台茶8號","11-2","第二水",65,"30",6.1,3,2.03333333333333,0,133.3,"茶菁3"
"43969","台茶18號","15區","第二水",60,"1",6,3,2,0,154.3,"茶菁1"
"43969","台茶18號","15區","第二水",60,"2",19.5,7,2.78571428571429,0,154.3,"茶菁1"
"43969","台茶18號","15區","第二水",60,"3",6.7,3,2.23333333333333,0,154.3,"茶菁1"
"43969","台茶18號","15區","第二水",60,"4",12.5,6,2.08333333333333,0,154.3,"茶菁1"
"43969","台茶18號","15區","第二水",60,"5",2.4,2,1.2,0,154.3,"茶菁1"
"43969","台茶18號","15區","第二水",60,"6",9.1,5,1.82,0,154.3,"茶菁1"
"43969","台茶18號","15區","第二水",60,"7",3.7,3,1.23333333333333,1,154.3,"茶菁1"
"43969","台茶18號","15區","第二水",60,"8",10.6,4,2.65,0,154.3,"茶菁1"
"43969","台茶18號","15區","第二水",60,"9",13,4,3.25,0,154.3,"茶菁1"
"43969","台茶18號","15區","第二水",60,"10",19.3,7,2.75714285714286,0,154.3,"茶菁1"
"43969","台茶18號","15區","第二水",60,"11",15.1,6,2.51666666666667,0,173.7,"茶菁2"
"43969","台茶18號","15區","第二水",60,"12",15.8,6,2.63333333333333,0,173.7,"茶菁2"
"43969","台茶18號","15區","第二水",60,"13",9.8,5,1.96,0,173.7,"茶菁2"
"43969","台茶18號","15區","第二水",60,"14",11.6,4,2.9,0,173.7,"茶菁2"
"43969","台茶18號","15區","第二水",60,"15",22.7,7,3.24285714285714,0,173.7,"茶菁2"
"43969","台茶18號","15區","第二水",60,"16",10.2,6,1.7,0,173.7,"茶菁2"
"43969","台茶18號","15區","第二水",60,"17",6.7,4,1.675,0,173.7,"茶菁2"
"43969","台茶18號","15區","第二水",60,"18",17.7,7,2.52857142857143,0,173.7,"茶菁2"
"43969","台茶18號","15區","第二水",60,"19",7.4,3,2.46666666666667,0,173.7,"茶菁2"
"43969","台茶18號","15區","第二水",60,"20",10.7,5,2.14,0,173.7,"茶菁2"
"43969","台茶18號","15區","第二水",60,"21",10.4,6,1.73333333333333,0,193.5,"茶菁3"
"43969","台茶18號","15區","第二水",60,"22",6.6,4,1.65,0,193.5,"茶菁3"
"43969","台茶18號","15區","第二水",60,"23",21.6,8,2.7,0,193.5,"茶菁3"
"43969","台茶18號","15區","第二水",60,"24",6.4,4,1.6,0,193.5,"茶菁3"
"43969","台茶18號","15區","第二水",60,"25",14.2,6,2.36666666666667,0,193.5,"茶菁3"
"43969","台茶18號","15區","第二水",60,"26",14.7,6,2.45,0,193.5,"茶菁3"
"43969","台茶18號","15區","第二水",60,"27",10.9,4,2.725,0,193.5,"茶菁3"
"43969","台茶18號","15區","第二水",60,"28",11.4,5,2.28,0,193.5,"茶菁3"
"43969","台茶18號","15區","第二水",60,"29",13.2,5,2.64,0,193.5,"茶菁3"
"43969","台茶18號","15區","第二水",60,"30",15.1,6,2.51666666666667,0,193.5,"茶菁3"
"43976","台茶12號","6區","第三水",57,"1",12.1,6,2.01666666666667,0,72.1,"茶菁1"
"43976","台茶12號","6區","第三水",57,"2",9.3,4,2.325,0,72.1,"茶菁1"
"43976","台茶12號","6區","第三水",57,"3",9.5,4,2.375,0,72.1,"茶菁1"
"43976","台茶12號","6區","第三水",57,"4",14.3,7,2.04285714285714,0,72.1,"茶菁1"
"43976","台茶12號","6區","第三水",57,"5",10,5,2,0,72.1,"茶菁1"
"43976","台茶12號","6區","第三水",57,"6",7.2,3,2.4,0,72.1,"茶菁1"
"43976","台茶12號","6區","第三水",57,"7",8.5,6,1.41666666666667,0,72.1,"茶菁1"
"43976","台茶12號","6區","第三水",57,"8",11.1,6,1.85,0,72.1,"茶菁1"
"43976","台茶12號","6區","第三水",57,"9",4.8,3,1.6,0,72.1,"茶菁1"
"43976","台茶12號","6區","第三水",57,"10",5.4,4,1.35,0,72.1,"茶菁1"
"43976","台茶12號","6區","第三水",57,"11",12.2,5,2.44,0,76,"茶菁2"
"43976","台茶12號","6區","第三水",57,"12",6.9,3,2.3,0,76,"茶菁2"
"43976","台茶12號","6區","第三水",57,"13",10.4,5,2.08,0,76,"茶菁2"
"43976","台茶12號","6區","第三水",57,"14",7.5,3,2.5,0,76,"茶菁2"
"43976","台茶12號","6區","第三水",57,"15",7.1,4,1.775,0,76,"茶菁2"
"43976","台茶12號","6區","第三水",57,"16",13.7,5,2.74,0,76,"茶菁2"
"43976","台茶12號","6區","第三水",57,"17",9.9,5,1.98,0,76,"茶菁2"
"43976","台茶12號","6區","第三水",57,"18",7.5,4,1.875,0,76,"茶菁2"
"43976","台茶12號","6區","第三水",57,"19",12.1,5,2.42,0,76,"茶菁2"
"43976","台茶12號","6區","第三水",57,"20",2,2,1,0,76,"茶菁2"
"43976","台茶12號","6區","第三水",57,"21",7.3,3,2.43333333333333,0,64.3,"茶菁3"
"43976","台茶12號","6區","第三水",57,"22",4.1,3,1.36666666666667,0,64.3,"茶菁3"
"43976","台茶12號","6區","第三水",57,"23",8.9,5,1.78,0,64.3,"茶菁3"
"43976","台茶12號","6區","第三水",57,"24",5.5,3,1.83333333333333,0,64.3,"茶菁3"
"43976","台茶12號","6區","第三水",57,"25",12.6,4,3.15,0,64.3,"茶菁3"
"43976","台茶12號","6區","第三水",57,"26",10.2,4,2.55,0,64.3,"茶菁3"
"43976","台茶12號","6區","第三水",57,"27",6.3,4,1.575,0,64.3,"茶菁3"
"43976","台茶12號","6區","第三水",57,"28",10.4,5,2.08,0,64.3,"茶菁3"
"43976","台茶12號","6區","第三水",57,"29",6.5,3,2.16666666666667,0,64.3,"茶菁3"
"43976","台茶12號","6區","第三水",57,"30",8.5,5,1.7,0,64.3,"茶菁3"
"43984","四季春","5區","第三水",59,"1",4.5,4,1.125,0,127.2,"茶菁1"
"43984","四季春","5區","第三水",59,"2",8.3,4,2.075,0,127.2,"茶菁1"
"43984","四季春","5區","第三水",59,"3",14.3,7,2.04285714285714,1,127.2,"茶菁1"
"43984","四季春","5區","第三水",59,"4",13.5,5,2.7,0,127.2,"茶菁1"
"43984","四季春","5區","第三水",59,"5",10.7,5,2.14,0,127.2,"茶菁1"
"43984","四季春","5區","第三水",59,"6",10.8,4,2.7,0,127.2,"茶菁1"
"43984","四季春","5區","第三水",59,"7",11.3,5,2.26,0,127.2,"茶菁1"
"43984","四季春","5區","第三水",59,"8",10.8,4,2.7,0,127.2,"茶菁1"
"43984","四季春","5區","第三水",59,"9",12.4,5,2.48,0,127.2,"茶菁1"
"43984","四季春","5區","第三水",59,"10",10.7,5,2.14,0,127.2,"茶菁1"
"43984","四季春","5區","第三水",59,"11",10.6,4,2.65,0,131,"茶菁2"
"43984","四季春","5區","第三水",59,"12",17,5,3.4,0,131,"茶菁2"
"43984","四季春","5區","第三水",59,"13",7.1,3,2.36666666666667,0,131,"茶菁2"
"43984","四季春","5區","第三水",59,"14",7.7,4,1.925,0,131,"茶菁2"
"43984","四季春","5區","第三水",59,"15",9,4,2.25,0,131,"茶菁2"
"43984","四季春","5區","第三水",59,"16",13.7,4,3.425,0,131,"茶菁2"
"43984","四季春","5區","第三水",59,"17",14.2,5,2.84,0,131,"茶菁2"
"43984","四季春","5區","第三水",59,"18",14,6,2.33333333333333,0,131,"茶菁2"
"43984","四季春","5區","第三水",59,"19",9.2,4,2.3,0,131,"茶菁2"
"43984","四季春","5區","第三水",59,"20",7.9,4,1.975,0,131,"茶菁2"
"43984","四季春","5區","第三水",59,"21",9.5,4,2.375,0,111.5,"茶菁3"
"43984","四季春","5區","第三水",59,"22",10.2,5,2.04,0,111.5,"茶菁3"
"43984","四季春","5區","第三水",59,"23",12.4,6,2.06666666666667,0,111.5,"茶菁3"
"43984","四季春","5區","第三水",59,"24",8.5,4,2.125,0,111.5,"茶菁3"
"43984","四季春","5區","第三水",59,"25",11.7,5,2.34,0,111.5,"茶菁3"
"43984","四季春","5區","第三水",59,"26",10.3,5,2.06,0,111.5,"茶菁3"
"43984","四季春","5區","第三水",59,"27",7.8,5,1.56,1,111.5,"茶菁3"
"43984","四季春","5區","第三水",59,"28",5.3,2,2.65,0,111.5,"茶菁3"
"43984","四季春","5區","第三水",59,"29",8.9,4,2.225,0,111.5,"茶菁3"
"43984","四季春","5區","第三水",59,"30",12.5,4,3.125,0,111.5,"茶菁3"
"43991","青心大冇","2-4,5,6","第三水",57,"1",11.7,4,2.925,0,81.6,"茶菁1"
"43991","青心大冇","2-4,5,6","第三水",57,"2",11.4,4,2.85,0,81.6,"茶菁1"
"43991","青心大冇","2-4,5,6","第三水",57,"3",8.4,4,2.1,0,81.6,"茶菁1"
"43991","青心大冇","2-4,5,6","第三水",57,"4",8.2,5,1.64,0,81.6,"茶菁1"
"43991","青心大冇","2-4,5,6","第三水",57,"5",14.7,4,3.675,0,81.6,"茶菁1"
"43991","青心大冇","2-4,5,6","第三水",57,"6",10.3,3,3.43333333333333,0,81.6,"茶菁1"
"43991","青心大冇","2-4,5,6","第三水",57,"7",17.1,4,4.275,0,81.6,"茶菁1"
"43991","青心大冇","2-4,5,6","第三水",57,"8",10.9,3,3.63333333333333,0,81.6,"茶菁1"
"43991","青心大冇","2-4,5,6","第三水",57,"9",5.3,3,1.76666666666667,0,81.6,"茶菁1"
"43991","青心大冇","2-4,5,6","第三水",57,"10",4.4,2,2.2,0,81.6,"茶菁1"
"43991","青心大冇","2-4,5,6","第三水",57,"11",11.5,3,3.83333333333333,0,93.7,"茶菁2"
"43991","青心大冇","2-4,5,6","第三水",57,"12",12.5,3,4.16666666666667,0,93.7,"茶菁2"
"43991","青心大冇","2-4,5,6","第三水",57,"13",5,3,1.66666666666667,0,93.7,"茶菁2"
"43991","青心大冇","2-4,5,6","第三水",57,"14",15.6,4,3.9,0,93.7,"茶菁2"
"43991","青心大冇","2-4,5,6","第三水",57,"15",15.2,4,3.8,0,93.7,"茶菁2"
"43991","青心大冇","2-4,5,6","第三水",57,"16",11.5,4,2.875,0,93.7,"茶菁2"
"43991","青心大冇","2-4,5,6","第三水",57,"17",7.3,2,3.65,0,93.7,"茶菁2"
"43991","青心大冇","2-4,5,6","第三水",57,"18",19.6,4,4.9,0,93.7,"茶菁2"
"43991","青心大冇","2-4,5,6","第三水",57,"19",12.3,3,4.1,0,93.7,"茶菁2"
"43991","青心大冇","2-4,5,6","第三水",57,"20",7.3,4,1.825,0,93.7,"茶菁2"
"43991","青心大冇","2-4,5,6","第三水",57,"21",7.3,3,2.43333333333333,0,80.9,"茶菁3"
"43991","青心大冇","2-4,5,6","第三水",57,"22",16.2,5,3.24,0,80.9,"茶菁3"
"43991","青心大冇","2-4,5,6","第三水",57,"23",10,3,3.33333333333333,0,80.9,"茶菁3"
"43991","青心大冇","2-4,5,6","第三水",57,"24",9.6,4,2.4,0,80.9,"茶菁3"
"43991","青心大冇","2-4,5,6","第三水",57,"25",6.5,2,3.25,0,80.9,"茶菁3"
"43991","青心大冇","2-4,5,6","第三水",57,"26",12.4,3,4.13333333333333,0,80.9,"茶菁3"
"43991","青心大冇","2-4,5,6","第三水",57,"27",9.5,3,3.16666666666667,0,80.9,"茶菁3"
"43991","青心大冇","2-4,5,6","第三水",57,"28",5.5,3,1.83333333333333,0,80.9,"茶菁3"
"43991","青心大冇","2-4,5,6","第三水",57,"29",7.3,3,2.43333333333333,0,80.9,"茶菁3"
"43991","青心大冇","2-4,5,6","第三水",57,"30",5.1,3,1.7,0,80.9,"茶菁3"
"44005","台茶18號","12區","第三水",60,"1",14.9,5,2.98,0,117.1,"茶菁1"
"44005","台茶18號","12區","第三水",60,"2",11.4,5,2.28,0,117.1,"茶菁1"
"44005","台茶18號","12區","第三水",60,"3",8.2,4,2.05,0,117.1,"茶菁1"
"44005","台茶18號","12區","第三水",60,"4",5.4,4,1.35,0,117.1,"茶菁1"
"44005","台茶18號","12區","第三水",60,"5",4.8,4,1.2,0,117.1,"茶菁1"
"44005","台茶18號","12區","第三水",60,"6",9.5,5,1.9,0,117.1,"茶菁1"
"44005","台茶18號","12區","第三水",60,"7",7.2,4,1.8,0,117.1,"茶菁1"
"44005","台茶18號","12區","第三水",60,"8",9.1,4,2.275,0,117.1,"茶菁1"
"44005","台茶18號","12區","第三水",60,"9",15.1,5,3.02,0,117.1,"茶菁1"
"44005","台茶18號","12區","第三水",60,"10",6,3,2,0,117.1,"茶菁1"
"44005","台茶18號","12區","第三水",60,"11",8.3,4,2.075,0,101.4,"茶菁2"
"44005","台茶18號","12區","第三水",60,"12",7.1,3,2.36666666666667,0,101.4,"茶菁2"
"44005","台茶18號","12區","第三水",60,"13",11.2,4,2.8,0,101.4,"茶菁2"
"44005","台茶18號","12區","第三水",60,"14",8.2,4,2.05,0,101.4,"茶菁2"
"44005","台茶18號","12區","第三水",60,"15",7,4,1.75,0,101.4,"茶菁2"
"44005","台茶18號","12區","第三水",60,"16",3.5,3,1.16666666666667,0,101.4,"茶菁2"
"44005","台茶18號","12區","第三水",60,"17",14.3,6,2.38333333333333,0,101.4,"茶菁2"
"44005","台茶18號","12區","第三水",60,"18",3.6,3,1.2,0,101.4,"茶菁2"
"44005","台茶18號","12區","第三水",60,"19",9,4,2.25,0,101.4,"茶菁2"
"44005","台茶18號","12區","第三水",60,"20",3.3,3,1.1,1,101.4,"茶菁2"
"44005","台茶18號","12區","第三水",60,"21",7.4,4,1.85,0,119.2,"茶菁3"
"44005","台茶18號","12區","第三水",60,"22",16.6,5,3.32,0,119.2,"茶菁3"
"44005","台茶18號","12區","第三水",60,"23",2.4,2,1.2,0,119.2,"茶菁3"
"44005","台茶18號","12區","第三水",60,"24",6.6,3,2.2,0,119.2,"茶菁3"
"44005","台茶18號","12區","第三水",60,"25",1.9,2,0.95,1,119.2,"茶菁3"
"44005","台茶18號","12區","第三水",60,"26",10.6,4,2.65,0,119.2,"茶菁3"
"44005","台茶18號","12區","第三水",60,"27",13.2,6,2.2,0,119.2,"茶菁3"
"44005","台茶18號","12區","第三水",60,"28",13.7,6,2.28333333333333,1,119.2,"茶菁3"
"44005","台茶18號","12區","第三水",60,"29",14.2,5,2.84,0,119.2,"茶菁3"
"44005","台茶18號","12區","第三水",60,"30",3,3,1,1,119.2,"茶菁3"
"44012","台茶8號","10-2","第三水",65,"1",10,4,2.5,0,163.9,"茶菁1"
"44012","台茶8號","10-2","第三水",65,"2",5.3,3,1.76666666666667,0,163.9,"茶菁1"
"44012","台茶8號","10-2","第三水",65,"3",10.1,4,2.525,0,163.9,"茶菁1"
"44012","台茶8號","10-2","第三水",65,"4",15,6,2.5,0,163.9,"茶菁1"
"44012","台茶8號","10-2","第三水",65,"5",1.5,2,0.75,1,163.9,"茶菁1"
"44012","台茶8號","10-2","第三水",65,"6",14,5,2.8,0,163.9,"茶菁1"
"44012","台茶8號","10-2","第三水",65,"7",3.7,3,1.23333333333333,1,163.9,"茶菁1"
"44012","台茶8號","10-2","第三水",65,"8",9,4,2.25,0,163.9,"茶菁1"
"44012","台茶8號","10-2","第三水",65,"9",5.4,3,1.8,0,163.9,"茶菁1"
"44012","台茶8號","10-2","第三水",65,"10",14.7,6,2.45,0,163.9,"茶菁1"
"44012","台茶8號","10-2","第三水",65,"11",12.7,4,3.175,0,153.7,"茶菁2"
"44012","台茶8號","10-2","第三水",65,"12",4.4,3,1.46666666666667,1,153.7,"茶菁2"
"44012","台茶8號","10-2","第三水",65,"13",14.2,5,2.84,0,153.7,"茶菁2"
"44012","台茶8號","10-2","第三水",65,"14",8.8,4,2.2,0,153.7,"茶菁2"
"44012","台茶8號","10-2","第三水",65,"15",2.7,3,0.9,1,153.7,"茶菁2"
"44012","台茶8號","10-2","第三水",65,"16",11,4,2.75,0,153.7,"茶菁2"
"44012","台茶8號","10-2","第三水",65,"17",6.8,4,1.7,0,153.7,"茶菁2"
"44012","台茶8號","10-2","第三水",65,"18",13.8,4,3.45,0,153.7,"茶菁2"
"44012","台茶8號","10-2","第三水",65,"19",2.7,2,1.35,1,153.7,"茶菁2"
"44012","台茶8號","10-2","第三水",65,"20",18.7,6,3.11666666666667,0,153.7,"茶菁2"
"44012","台茶8號","10-2","第三水",65,"21",12.3,4,3.075,0,149.6,"茶菁3"
"44012","台茶8號","10-2","第三水",65,"22",4.4,3,1.46666666666667,1,149.6,"茶菁3"
"44012","台茶8號","10-2","第三水",65,"23",9.7,4,2.425,1,149.6,"茶菁3"
"44012","台茶8號","10-2","第三水",65,"24",13,5,2.6,0,149.6,"茶菁3"
"44012","台茶8號","10-2","第三水",65,"25",8.3,4,2.075,1,149.6,"茶菁3"
"44012","台茶8號","10-2","第三水",65,"26",10.7,5,2.14,1,149.6,"茶菁3"
"44012","台茶8號","10-2","第三水",65,"27",11.3,4,2.825,0,149.6,"茶菁3"
"44012","台茶8號","10-2","第三水",65,"28",6.3,3,2.1,0,149.6,"茶菁3"
"44012","台茶8號","10-2","第三水",65,"29",9.7,4,2.425,0,149.6,"茶菁3"
"44012","台茶8號","10-2","第三水",65,"30",5.6,4,1.4,1,149.6,"茶菁3"
"44035","台茶12號","7區","第四水",58,"1",12.7,5,2.54,0,100.8,"茶菁1"
"44035","台茶12號","7區","第四水",58,"2",3.6,2,1.8,0,100.8,"茶菁1"
"44035","台茶12號","7區","第四水",58,"3",9.4,4,2.35,0,100.8,"茶菁1"
"44035","台茶12號","7區","第四水",58,"4",7,5,1.4,0,100.8,"茶菁1"
"44035","台茶12號","7區","第四水",58,"5",6.5,4,1.625,1,100.8,"茶菁1"
"44035","台茶12號","7區","第四水",58,"6",11,6,1.83333333333333,0,100.8,"茶菁1"
"44035","台茶12號","7區","第四水",58,"7",3.3,2,1.65,1,100.8,"茶菁1"
"44035","台茶12號","7區","第四水",58,"8",3.9,3,1.3,0,100.8,"茶菁1"
"44035","台茶12號","7區","第四水",58,"9",19.5,7,2.78571428571429,0,100.8,"茶菁1"
"44035","台茶12號","7區","第四水",58,"10",16.3,5,3.26,0,100.8,"茶菁1"
"44035","台茶12號","7區","第四水",58,"11",9.3,5,1.86,0,98.3,"茶菁2"
"44035","台茶12號","7區","第四水",58,"12",3.5,2,1.75,0,98.3,"茶菁2"
"44035","台茶12號","7區","第四水",58,"13",15.9,5,3.18,0,98.3,"茶菁2"
"44035","台茶12號","7區","第四水",58,"14",10.7,4,2.675,0,98.3,"茶菁2"
"44035","台茶12號","7區","第四水",58,"15",15.1,6,2.51666666666667,0,98.3,"茶菁2"
"44035","台茶12號","7區","第四水",58,"16",8.8,5,1.76,1,98.3,"茶菁2"
"44035","台茶12號","7區","第四水",58,"17",8.6,5,1.72,0,98.3,"茶菁2"
"44035","台茶12號","7區","第四水",58,"18",9.5,4,2.375,0,98.3,"茶菁2"
"44035","台茶12號","7區","第四水",58,"19",6.9,4,1.725,0,98.3,"茶菁2"
"44035","台茶12號","7區","第四水",58,"20",16.3,7,2.32857142857143,0,98.3,"茶菁2"
"44035","台茶12號","7區","第四水",58,"21",6.8,3,2.26666666666667,0,92.5,"茶菁3"
"44035","台茶12號","7區","第四水",58,"22",12.9,4,3.225,0,92.5,"茶菁3"
"44035","台茶12號","7區","第四水",58,"23",10.4,5,2.08,0,92.5,"茶菁3"
"44035","台茶12號","7區","第四水",58,"24",7.1,3,2.36666666666667,0,92.5,"茶菁3"
"44035","台茶12號","7區","第四水",58,"25",12.6,6,2.1,0,92.5,"茶菁3"
"44035","台茶12號","7區","第四水",58,"26",4.6,3,1.53333333333333,0,92.5,"茶菁3"
"44035","台茶12號","7區","第四水",58,"27",14.1,6,2.35,0,92.5,"茶菁3"
"44035","台茶12號","7區","第四水",58,"28",4.1,2,2.05,0,92.5,"茶菁3"
"44035","台茶12號","7區","第四水",58,"29",2.5,3,0.833333333333333,1,92.5,"茶菁3"
"44035","台茶12號","7區","第四水",58,"30",5.5,3,1.83333333333333,0,92.5,"茶菁3"
"44042","青心大冇","2-4,5,6","第四水",56,"1",13,5,2.6,0,54.7,"茶菁1"
"44042","青心大冇","2-4,5,6","第四水",56,"2",4.9,2,2.45,0,54.7,"茶菁1"
"44042","青心大冇","2-4,5,6","第四水",56,"3",9.1,4,2.275,0,54.7,"茶菁1"
"44042","青心大冇","2-4,5,6","第四水",56,"4",3.3,2,1.65,0,54.7,"茶菁1"
"44042","青心大冇","2-4,5,6","第四水",56,"5",5.6,4,1.4,0,54.7,"茶菁1"
"44042","青心大冇","2-4,5,6","第四水",56,"6",6.5,4,1.625,0,54.7,"茶菁1"
"44042","青心大冇","2-4,5,6","第四水",56,"7",2.5,3,0.833333333333333,0,54.7,"茶菁1"
"44042","青心大冇","2-4,5,6","第四水",56,"8",4.7,3,1.56666666666667,0,54.7,"茶菁1"
"44042","青心大冇","2-4,5,6","第四水",56,"9",5.2,3,1.73333333333333,0,54.7,"茶菁1"
"44042","青心大冇","2-4,5,6","第四水",56,"10",2.3,2,1.15,0,54.7,"茶菁1"
"44042","青心大冇","2-4,5,6","第四水",56,"11",10.2,4,2.55,0,62.5,"茶菁2"
"44042","青心大冇","2-4,5,6","第四水",56,"12",5,3,1.66666666666667,0,62.5,"茶菁2"
"44042","青心大冇","2-4,5,6","第四水",56,"13",9,4,2.25,0,62.5,"茶菁2"
"44042","青心大冇","2-4,5,6","第四水",56,"14",12,4,3,0,62.5,"茶菁2"
"44042","青心大冇","2-4,5,6","第四水",56,"15",6.6,4,1.65,0,62.5,"茶菁2"
"44042","青心大冇","2-4,5,6","第四水",56,"16",3.5,2,1.75,0,62.5,"茶菁2"
"44042","青心大冇","2-4,5,6","第四水",56,"17",13,5,2.6,0,62.5,"茶菁2"
"44042","青心大冇","2-4,5,6","第四水",56,"18",5.8,4,1.45,0,62.5,"茶菁2"
"44042","青心大冇","2-4,5,6","第四水",56,"19",5.2,3,1.73333333333333,0,62.5,"茶菁2"
"44042","青心大冇","2-4,5,6","第四水",56,"20",8.7,4,2.175,0,62.5,"茶菁2"
"44042","青心大冇","2-4,5,6","第四水",56,"21",9.3,5,1.86,0,51.4,"茶菁3"
"44042","青心大冇","2-4,5,6","第四水",56,"22",7,4,1.75,0,51.4,"茶菁3"
"44042","青心大冇","2-4,5,6","第四水",56,"23",4,3,1.33333333333333,0,51.4,"茶菁3"
"44042","青心大冇","2-4,5,6","第四水",56,"24",4.9,3,1.63333333333333,0,51.4,"茶菁3"
"44042","青心大冇","2-4,5,6","第四水",56,"25",5.2,4,1.3,0,51.4,"茶菁3"
"44042","青心大冇","2-4,5,6","第四水",56,"26",6.3,4,1.575,0,51.4,"茶菁3"
"44042","青心大冇","2-4,5,6","第四水",56,"27",8.7,4,2.175,0,51.4,"茶菁3"
"44042","青心大冇","2-4,5,6","第四水",56,"28",3,2,1.5,0,51.4,"茶菁3"
"44042","青心大冇","2-4,5,6","第四水",56,"29",10.8,4,2.7,1,51.4,"茶菁3"
"44042","青心大冇","2-4,5,6","第四水",56,"30",6,3,2,0,51.4,"茶菁3"
"8/11、8/12","台茶18號","12區","第四水",63,"1",8.8,5,1.76,0,104.2,"茶菁1"
"8/11、8/12","台茶18號","12區","第四水",63,"2",2.9,3,0.966666666666667,0,104.2,"茶菁1"
"8/11、8/12","台茶18號","12區","第四水",63,"3",4.8,3,1.6,0,104.2,"茶菁1"
"8/11、8/12","台茶18號","12區","第四水",63,"4",6,4,1.5,0,104.2,"茶菁1"
"8/11、8/12","台茶18號","12區","第四水",63,"5",10.5,5,2.1,0,104.2,"茶菁1"
"8/11、8/12","台茶18號","12區","第四水",63,"6",1.6,2,0.8,1,104.2,"茶菁1"
"8/11、8/12","台茶18號","12區","第四水",63,"7",5.6,4,1.4,0,104.2,"茶菁1"
"8/11、8/12","台茶18號","12區","第四水",63,"8",7.5,4,1.875,0,104.2,"茶菁1"
"8/11、8/12","台茶18號","12區","第四水",63,"9",3.1,2,1.55,0,104.2,"茶菁1"
"8/11、8/12","台茶18號","12區","第四水",63,"10",5.4,4,1.35,0,104.2,"茶菁1"
"8/11、8/12","台茶18號","12區","第四水",63,"11",7.5,5,1.5,1,114,"茶菁2"
"8/11、8/12","台茶18號","12區","第四水",63,"12",12,5,2.4,0,114,"茶菁2"
"8/11、8/12","台茶18號","12區","第四水",63,"13",6.7,4,1.675,0,114,"茶菁2"
"8/11、8/12","台茶18號","12區","第四水",63,"14",9.5,5,1.9,1,114,"茶菁2"
"8/11、8/12","台茶18號","12區","第四水",63,"15",10.7,5,2.14,0,114,"茶菁2"
"8/11、8/12","台茶18號","12區","第四水",63,"16",6.7,4,1.675,0,114,"茶菁2"
"8/11、8/12","台茶18號","12區","第四水",63,"17",8.1,5,1.62,0,114,"茶菁2"
"8/11、8/12","台茶18號","12區","第四水",63,"18",5.1,3,1.7,0,114,"茶菁2"
"8/11、8/12","台茶18號","12區","第四水",63,"19",8.2,5,1.64,0,114,"茶菁2"
"8/11、8/12","台茶18號","12區","第四水",63,"20",6.7,4,1.675,1,114,"茶菁2"
"8/11、8/12","台茶18號","12區","第四水",63,"21",11.7,6,1.95,0,99.3,"茶菁3"
"8/11、8/12","台茶18號","12區","第四水",63,"22",5,4,1.25,1,99.3,"茶菁3"
"8/11、8/12","台茶18號","12區","第四水",63,"23",8,4,2,0,99.3,"茶菁3"
"8/11、8/12","台茶18號","12區","第四水",63,"24",13.2,6,2.2,0,99.3,"茶菁3"
"8/11、8/12","台茶18號","12區","第四水",63,"25",5.7,3,1.9,0,99.3,"茶菁3"
"8/11、8/12","台茶18號","12區","第四水",63,"26",5.8,4,1.45,0,99.3,"茶菁3"
"8/11、8/12","台茶18號","12區","第四水",63,"27",15.6,5,3.12,0,99.3,"茶菁3"
"8/11、8/12","台茶18號","12區","第四水",63,"28",5.4,3,1.8,0,99.3,"茶菁3"
"8/11、8/12","台茶18號","12區","第四水",63,"29",3.8,4,0.95,1,99.3,"茶菁3"
"8/11、8/12","台茶18號","12區","第四水",63,"30",6,4,1.5,1,99.3,"茶菁3"
"44084","四季春","5區","第五水",58,"1",7.4,4,1.85,0,106.6,"茶菁1"
"44084","四季春","5區","第五水",58,"2",7,5,1.4,0,106.6,"茶菁1"
"44084","四季春","5區","第五水",58,"3",6.3,5,1.26,1,106.6,"茶菁1"
"44084","四季春","5區","第五水",58,"4",4.2,4,1.05,1,106.6,"茶菁1"
"44084","四季春","5區","第五水",58,"5",9.1,5,1.82,0,106.6,"茶菁1"
"44084","四季春","5區","第五水",58,"6",13,6,2.16666666666667,1,106.6,"茶菁1"
"44084","四季春","5區","第五水",58,"7",4,4,1,1,106.6,"茶菁1"
"44084","四季春","5區","第五水",58,"8",16.2,7,2.31428571428571,0,106.6,"茶菁1"
"44084","四季春","5區","第五水",58,"9",11.5,6,1.91666666666667,1,106.6,"茶菁1"
"44084","四季春","5區","第五水",58,"10",9.2,4,2.3,0,106.6,"茶菁1"
"44084","四季春","5區","第五水",58,"11",3.8,3,1.26666666666667,1,121.9,"茶菁2"
"44084","四季春","5區","第五水",58,"12",3.3,3,1.1,1,121.9,"茶菁2"
"44084","四季春","5區","第五水",58,"13",11.2,5,2.24,0,121.9,"茶菁2"
"44084","四季春","5區","第五水",58,"14",5.8,4,1.45,0,121.9,"茶菁2"
"44084","四季春","5區","第五水",58,"15",8.8,5,1.76,0,121.9,"茶菁2"
"44084","四季春","5區","第五水",58,"16",10.7,5,2.14,0,121.9,"茶菁2"
"44084","四季春","5區","第五水",58,"17",10.7,5,2.14,0,121.9,"茶菁2"
"44084","四季春","5區","第五水",58,"18",9.2,5,1.84,0,121.9,"茶菁2"
"44084","四季春","5區","第五水",58,"19",2.9,3,0.966666666666667,0,121.9,"茶菁2"
"44084","四季春","5區","第五水",58,"20",6.9,5,1.38,1,121.9,"茶菁2"
"44084","四季春","5區","第五水",58,"21",4.2,3,1.4,1,116,"茶菁3"
"44084","四季春","5區","第五水",58,"22",7.1,5,1.42,1,116,"茶菁3"
"44084","四季春","5區","第五水",58,"23",11.4,7,1.62857142857143,0,116,"茶菁3"
"44084","四季春","5區","第五水",58,"24",4.5,4,1.125,1,116,"茶菁3"
"44084","四季春","5區","第五水",58,"25",4.3,3,1.43333333333333,0,116,"茶菁3"
"44084","四季春","5區","第五水",58,"26",9.8,5,1.96,0,116,"茶菁3"
"44084","四季春","5區","第五水",58,"27",11.1,6,1.85,0,116,"茶菁3"
"44084","四季春","5區","第五水",58,"28",3.5,3,1.16666666666667,1,116,"茶菁3"
"44084","四季春","5區","第五水",58,"29",9.8,6,1.63333333333333,1,116,"茶菁3"
"44084","四季春","5區","第五水",58,"30",4.4,4,1.1,1,116,"茶菁3"
"44088","青心大冇","10-1","第五水",59,"1",7.5,4,1.875,1,98.2,"茶菁1"
"44088","青心大冇","10-1","第五水",59,"2",13.1,5,2.62,0,98.2,"茶菁1"
"44088","青心大冇","10-1","第五水",59,"3",10.4,5,2.08,0,98.2,"茶菁1"
"44088","青心大冇","10-1","第五水",59,"4",8.2,4,2.05,0,98.2,"茶菁1"
"44088","青心大冇","10-1","第五水",59,"5",7.7,3,2.56666666666667,0,98.2,"茶菁1"
"44088","青心大冇","10-1","第五水",59,"6",3.7,2,1.85,1,98.2,"茶菁1"
"44088","青心大冇","10-1","第五水",59,"7",9.1,4,2.275,0,98.2,"茶菁1"
"44088","青心大冇","10-1","第五水",59,"8",9.9,4,2.475,0,98.2,"茶菁1"
"44088","青心大冇","10-1","第五水",59,"9",12.4,6,2.06666666666667,0,98.2,"茶菁1"
"44088","青心大冇","10-1","第五水",59,"10",6.1,4,1.525,1,98.2,"茶菁1"
"44088","青心大冇","10-1","第五水",59,"11",11.9,5,2.38,0,100.6,"茶菁2"
"44088","青心大冇","10-1","第五水",59,"12",13.1,5,2.62,0,100.6,"茶菁2"
"44088","青心大冇","10-1","第五水",59,"13",1.7,2,0.85,1,100.6,"茶菁2"
"44088","青心大冇","10-1","第五水",59,"14",7.7,4,1.925,1,100.6,"茶菁2"
"44088","青心大冇","10-1","第五水",59,"15",3.9,2,1.95,1,100.6,"茶菁2"
"44088","青心大冇","10-1","第五水",59,"16",20.6,7,2.94285714285714,0,100.6,"茶菁2"
"44088","青心大冇","10-1","第五水",59,"17",7.7,4,1.925,0,100.6,"茶菁2"
"44088","青心大冇","10-1","第五水",59,"18",11,6,1.83333333333333,0,100.6,"茶菁2"
"44088","青心大冇","10-1","第五水",59,"19",4.5,3,1.5,1,100.6,"茶菁2"
"44088","青心大冇","10-1","第五水",59,"20",8.8,4,2.2,0,100.6,"茶菁2"
"44088","青心大冇","10-1","第五水",59,"21",6.1,3,2.03333333333333,1,92.5,"茶菁3"
"44088","青心大冇","10-1","第五水",59,"22",6.6,4,1.65,1,92.5,"茶菁3"
"44088","青心大冇","10-1","第五水",59,"23",5.3,3,1.76666666666667,1,92.5,"茶菁3"
"44088","青心大冇","10-1","第五水",59,"24",6.3,3,2.1,0,92.5,"茶菁3"
"44088","青心大冇","10-1","第五水",59,"25",19.2,6,3.2,0,92.5,"茶菁3"
"44088","青心大冇","10-1","第五水",59,"26",11.5,6,1.91666666666667,0,92.5,"茶菁3"
"44088","青心大冇","10-1","第五水",59,"27",6.5,4,1.625,1,92.5,"茶菁3"
"44088","青心大冇","10-1","第五水",59,"28",6.4,4,1.6,0,92.5,"茶菁3"
"44088","青心大冇","10-1","第五水",59,"29",12.2,5,2.44,0,92.5,"茶菁3"
"44088","青心大冇","10-1","第五水",59,"30",9,5,1.8,0,92.5,"茶菁3"
"44116","台茶8號","10-2,10-3","第五水",65,"1",1.5,2,0.75,0,84,"茶菁1"
"44116","台茶8號","10-2,10-3","第五水",65,"2",1.4,3,0.466666666666667,1,84,"茶菁1"
"44116","台茶8號","10-2,10-3","第五水",65,"3",7.2,4,1.8,0,84,"茶菁1"
"44116","台茶8號","10-2,10-3","第五水",65,"4",3.9,3,1.3,0,84,"茶菁1"
"44116","台茶8號","10-2,10-3","第五水",65,"5",2,2,1,1,84,"茶菁1"
"44116","台茶8號","10-2,10-3","第五水",65,"6",2.2,3,0.733333333333333,0,84,"茶菁1"
"44116","台茶8號","10-2,10-3","第五水",65,"7",2,3,0.666666666666667,1,84,"茶菁1"
"44116","台茶8號","10-2,10-3","第五水",65,"8",5.4,4,1.35,0,84,"茶菁1"
"44116","台茶8號","10-2,10-3","第五水",65,"9",2.8,3,0.933333333333333,0,84,"茶菁1"
"44116","台茶8號","10-2,10-3","第五水",65,"10",8.2,5,1.64,0,84,"茶菁1"
"44116","台茶8號","10-2,10-3","第五水",65,"11",6,4,1.5,0,90,"茶菁2"
"44116","台茶8號","10-2,10-3","第五水",65,"12",4.8,3,1.6,0,90,"茶菁2"
"44116","台茶8號","10-2,10-3","第五水",65,"13",3.3,4,0.825,1,90,"茶菁2"
"44116","台茶8號","10-2,10-3","第五水",65,"14",3.7,4,0.925,1,90,"茶菁2"
"44116","台茶8號","10-2,10-3","第五水",65,"15",2.3,3,0.766666666666667,0,90,"茶菁2"
"44116","台茶8號","10-2,10-3","第五水",65,"16",2.8,3,0.933333333333333,1,90,"茶菁2"
"44116","台茶8號","10-2,10-3","第五水",65,"17",6,4,1.5,1,90,"茶菁2"
"44116","台茶8號","10-2,10-3","第五水",65,"18",2.7,3,0.9,0,90,"茶菁2"
"44116","台茶8號","10-2,10-3","第五水",65,"19",6.7,4,1.675,0,90,"茶菁2"
"44116","台茶8號","10-2,10-3","第五水",65,"20",6.5,5,1.3,0,90,"茶菁2"
"44116","台茶8號","10-2,10-3","第五水",65,"21",5.9,4,1.475,0,107.5,"茶菁3"
"44116","台茶8號","10-2,10-3","第五水",65,"22",3,2,1.5,0,107.5,"茶菁3"
"44116","台茶8號","10-2,10-3","第五水",65,"23",3.3,4,0.825,0,107.5,"茶菁3"
"44116","台茶8號","10-2,10-3","第五水",65,"24",1.8,3,0.6,1,107.5,"茶菁3"
"44116","台茶8號","10-2,10-3","第五水",65,"25",7.7,6,1.28333333333333,0,107.5,"茶菁3"
"44116","台茶8號","10-2,10-3","第五水",65,"26",3.7,4,0.925,0,107.5,"茶菁3"
"44116","台茶8號","10-2,10-3","第五水",65,"27",3.6,4,0.9,1,107.5,"茶菁3"
"44116","台茶8號","10-2,10-3","第五水",65,"28",2.2,3,0.733333333333333,0,107.5,"茶菁3"
"44116","台茶8號","10-2,10-3","第五水",65,"29",4.4,5,0.88,0,107.5,"茶菁3"
"44116","台茶8號","10-2,10-3","第五水",65,"30",10.4,5,2.08,0,107.5,"茶菁3"
"44130","台茶18號","23區","第五水",64,"1",5.2,4,1.3,0,83.8,"茶菁1"
"44130","台茶18號","23區","第五水",64,"2",3.3,3,1.1,0,83.8,"茶菁1"
"44130","台茶18號","23區","第五水",64,"3",3.3,4,0.825,0,83.8,"茶菁1"
"44130","台茶18號","23區","第五水",64,"4",5.6,4,1.4,0,83.8,"茶菁1"
"44130","台茶18號","23區","第五水",64,"5",3,3,1,0,83.8,"茶菁1"
"44130","台茶18號","23區","第五水",64,"6",3.6,4,0.9,0,83.8,"茶菁1"
"44130","台茶18號","23區","第五水",64,"7",9.9,5,1.98,0,83.8,"茶菁1"
"44130","台茶18號","23區","第五水",64,"8",3.7,4,0.925,1,83.8,"茶菁1"
"44130","台茶18號","23區","第五水",64,"9",6,4,1.5,0,83.8,"茶菁1"
"44130","台茶18號","23區","第五水",64,"10",1,3,0.333333333333333,1,83.8,"茶菁1"
"44130","台茶18號","23區","第五水",64,"11",2.5,3,0.833333333333333,0,73.7,"茶菁2"
"44130","台茶18號","23區","第五水",64,"12",3.1,4,0.775,1,73.7,"茶菁2"
"44130","台茶18號","23區","第五水",64,"13",2.5,3,0.833333333333333,1,73.7,"茶菁2"
"44130","台茶18號","23區","第五水",64,"14",5.2,4,1.3,0,73.7,"茶菁2"
"44130","台茶18號","23區","第五水",64,"15",8.6,4,2.15,0,73.7,"茶菁2"
"44130","台茶18號","23區","第五水",64,"16",1.5,3,0.5,1,73.7,"茶菁2"
"44130","台茶18號","23區","第五水",64,"17",3.7,4,0.925,0,73.7,"茶菁2"
"44130","台茶18號","23區","第五水",64,"18",2.9,3,0.966666666666667,1,73.7,"茶菁2"
"44130","台茶18號","23區","第五水",64,"19",3.3,3,1.1,0,73.7,"茶菁2"
"44130","台茶18號","23區","第五水",64,"20",2.1,3,0.7,1,73.7,"茶菁2"
"44130","台茶18號","23區","第五水",64,"21",6.1,4,1.525,0,73.5,"茶菁3"
"44130","台茶18號","23區","第五水",64,"22",1.3,2,0.65,0,73.5,"茶菁3"
"44130","台茶18號","23區","第五水",64,"23",4.6,3,1.53333333333333,0,73.5,"茶菁3"
"44130","台茶18號","23區","第五水",64,"24",3,3,1,0,73.5,"茶菁3"
"44130","台茶18號","23區","第五水",64,"25",4.7,4,1.175,0,73.5,"茶菁3"
"44130","台茶18號","23區","第五水",64,"26",4.7,4,1.175,0,73.5,"茶菁3"
"44130","台茶18號","23區","第五水",64,"27",9,4,2.25,0,73.5,"茶菁3"
"44130","台茶18號","23區","第五水",64,"28",3.3,4,0.825,1,73.5,"茶菁3"
"44130","台茶18號","23區","第五水",64,"29",4,5,0.8,1,73.5,"茶菁3"
"44130","台茶18號","23區","第五水",64,"30",3.8,5,0.76,0,73.5,"茶菁3"
"44139","台茶12號","9-1","第六水",57,"1",12.9,6,2.15,0,106.1,"茶菁1"
"44139","台茶12號","9-1","第六水",57,"2",8.7,4,2.175,1,106.1,"茶菁1"
"44139","台茶12號","9-1","第六水",57,"3",13.1,5,2.62,1,106.1,"茶菁1"
"44139","台茶12號","9-1","第六水",57,"4",10.1,5,2.02,0,106.1,"茶菁1"
"44139","台茶12號","9-1","第六水",57,"5",19.8,6,3.3,0,106.1,"茶菁1"
"44139","台茶12號","9-1","第六水",57,"6",13.8,6,2.3,1,106.1,"茶菁1"
"44139","台茶12號","9-1","第六水",57,"7",12.7,6,2.11666666666667,0,106.1,"茶菁1"
"44139","台茶12號","9-1","第六水",57,"8",16.7,5,3.34,0,106.1,"茶菁1"
"44139","台茶12號","9-1","第六水",57,"9",10.9,7,1.55714285714286,1,106.1,"茶菁1"
"44139","台茶12號","9-1","第六水",57,"10",9.6,5,1.92,1,106.1,"茶菁1"
"44139","台茶12號","9-1","第六水",57,"11",6.7,4,1.675,1,70.3,"茶菁2"
"44139","台茶12號","9-1","第六水",57,"12",8.5,6,1.41666666666667,1,70.3,"茶菁2"
"44139","台茶12號","9-1","第六水",57,"13",13.3,5,2.66,1,70.3,"茶菁2"
"44139","台茶12號","9-1","第六水",57,"14",11.7,5,2.34,1,70.3,"茶菁2"
"44139","台茶12號","9-1","第六水",57,"15",10.5,5,2.1,1,70.3,"茶菁2"
"44139","台茶12號","9-1","第六水",57,"16",11.9,5,2.38,1,70.3,"茶菁2"
"44139","台茶12號","9-1","第六水",57,"17",13.1,5,2.62,0,70.3,"茶菁2"
"44139","台茶12號","9-1","第六水",57,"18",8,5,1.6,1,70.3,"茶菁2"
"44139","台茶12號","9-1","第六水",57,"19",8.4,4,2.1,1,70.3,"茶菁2"
"44139","台茶12號","9-1","第六水",57,"20",6.9,5,1.38,1,70.3,"茶菁2"
"44139","台茶12號","9-1","第六水",57,"21",11.5,5,2.3,0,87,"茶菁3"
"44139","台茶12號","9-1","第六水",57,"22",9,4,2.25,1,87,"茶菁3"
"44139","台茶12號","9-1","第六水",57,"23",13.6,8,1.7,0,87,"茶菁3"
"44139","台茶12號","9-1","第六水",57,"24",11.2,5,2.24,1,87,"茶菁3"
"44139","台茶12號","9-1","第六水",57,"25",10.1,6,1.68333333333333,0,87,"茶菁3"
"44139","台茶12號","9-1","第六水",57,"26",9,4,2.25,1,87,"茶菁3"
"44139","台茶12號","9-1","第六水",57,"27",12.8,7,1.82857142857143,0,87,"茶菁3"
"44139","台茶12號","9-1","第六水",57,"28",12.3,6,2.05,1,87,"茶菁3"
"44139","台茶12號","9-1","第六水",57,"29",11.5,5,2.3,1,87,"茶菁3"
"44139","台茶12號","9-1","第六水",57,"30",9.8,6,1.63333333333333,1,87,"茶菁3"
"44159","台茶18號","12區","第六水",64,"1",5.4,5,1.08,0,31.2,"茶菁1"
"44159","台茶18號","12區","第六水",64,"2",6.3,4,1.575,0,31.2,"茶菁1"
"44159","台茶18號","12區","第六水",64,"3",5.3,5,1.06,0,31.2,"茶菁1"
"44159","台茶18號","12區","第六水",64,"4",4.8,5,0.96,1,31.2,"茶菁1"
"44159","台茶18號","12區","第六水",64,"5",2.4,4,0.6,1,31.2,"茶菁1"
"44159","台茶18號","12區","第六水",64,"6",4.5,4,1.125,1,31.2,"茶菁1"
"44159","台茶18號","12區","第六水",64,"7",4.7,4,1.175,0,31.2,"茶菁1"
"44159","台茶18號","12區","第六水",64,"8",4.1,4,1.025,1,31.2,"茶菁1"
"44159","台茶18號","12區","第六水",64,"9",4.8,4,1.2,0,31.2,"茶菁1"
"44159","台茶18號","12區","第六水",64,"10",2.7,5,0.54,1,31.2,"茶菁1"
"44159","台茶18號","12區","第六水",64,"11",4.4,5,0.88,0,33.4,"茶菁2"
"44159","台茶18號","12區","第六水",64,"12",3.8,4,0.95,0,33.4,"茶菁2"
"44159","台茶18號","12區","第六水",64,"13",5.2,4,1.3,0,33.4,"茶菁2"
"44159","台茶18號","12區","第六水",64,"14",5.1,4,1.275,0,33.4,"茶菁2"
"44159","台茶18號","12區","第六水",64,"15",3.7,3,1.23333333333333,0,33.4,"茶菁2"
"44159","台茶18號","12區","第六水",64,"16",4.1,4,1.025,0,33.4,"茶菁2"
"44159","台茶18號","12區","第六水",64,"17",3.2,5,0.64,1,33.4,"茶菁2"
"44159","台茶18號","12區","第六水",64,"18",4,4,1,1,33.4,"茶菁2"
"44159","台茶18號","12區","第六水",64,"19",3.6,4,0.9,1,33.4,"茶菁2"
"44159","台茶18號","12區","第六水",64,"20",3.6,4,0.9,0,33.4,"茶菁2"
"44159","台茶18號","12區","第六水",64,"21",5.5,5,1.1,0,32,"茶菁3"
"44159","台茶18號","12區","第六水",64,"22",4.3,5,0.86,0,32,"茶菁3"
"44159","台茶18號","12區","第六水",64,"23",7.7,4,1.925,0,32,"茶菁3"
"44159","台茶18號","12區","第六水",64,"24",7.6,4,1.9,0,32,"茶菁3"
"44159","台茶18號","12區","第六水",64,"25",5.1,4,1.275,1,32,"茶菁3"
"44159","台茶18號","12區","第六水",64,"26",6,5,1.2,0,32,"茶菁3"
"44159","台茶18號","12區","第六水",64,"27",3,3,1,1,32,"茶菁3"
"44159","台茶18號","12區","第六水",64,"28",4.8,4,1.2,0,32,"茶菁3"
"44159","台茶18號","12區","第六水",64,"29",6.7,4,1.675,0,32,"茶菁3"
"44159","台茶18號","12區","第六水",64,"30",4.5,4,1.125,0,32,"茶菁3"
"44165","台茶8號","11-2","第六水",71,"1",8.7,5,1.74,1,67.2,"茶菁1"
"44165","台茶8號","11-2","第六水",71,"2",8.8,5,1.76,1,67.2,"茶菁1"
"44165","台茶8號","11-2","第六水",71,"3",9.9,5,1.98,0,67.2,"茶菁1"
"44165","台茶8號","11-2","第六水",71,"4",8,5,1.6,0,67.2,"茶菁1"
"44165","台茶8號","11-2","第六水",71,"5",8.6,4,2.15,0,67.2,"茶菁1"
"44165","台茶8號","11-2","第六水",71,"6",9.3,5,1.86,0,67.2,"茶菁1"
"44165","台茶8號","11-2","第六水",71,"7",8.5,4,2.125,0,67.2,"茶菁1"
"44165","台茶8號","11-2","第六水",71,"8",9.9,5,1.98,1,67.2,"茶菁1"
"44165","台茶8號","11-2","第六水",71,"9",8.9,4,2.225,0,67.2,"茶菁1"
"44165","台茶8號","11-2","第六水",71,"10",8.6,7,1.22857142857143,1,67.2,"茶菁1"
"44165","台茶8號","11-2","第六水",71,"11",7.4,4,1.85,1,80.3,"茶菁2"
"44165","台茶8號","11-2","第六水",71,"12",8.7,4,2.175,1,80.3,"茶菁2"
"44165","台茶8號","11-2","第六水",71,"13",11.1,5,2.22,0,80.3,"茶菁2"
"44165","台茶8號","11-2","第六水",71,"14",11.3,5,2.26,1,80.3,"茶菁2"
"44165","台茶8號","11-2","第六水",71,"15",8.8,5,1.76,1,80.3,"茶菁2"
"44165","台茶8號","11-2","第六水",71,"16",7.4,5,1.48,1,80.3,"茶菁2"
"44165","台茶8號","11-2","第六水",71,"17",7.1,5,1.42,1,80.3,"茶菁2"
"44165","台茶8號","11-2","第六水",71,"18",7.9,4,1.975,1,80.3,"茶菁2"
"44165","台茶8號","11-2","第六水",71,"19",5.6,4,1.4,1,80.3,"茶菁2"
"44165","台茶8號","11-2","第六水",71,"20",8,4,2,0,80.3,"茶菁2"
"44165","台茶8號","11-2","第六水",71,"21",7.7,5,1.54,0,65.5,"茶菁3"
"44165","台茶8號","11-2","第六水",71,"22",5.6,3,1.86666666666667,1,65.5,"茶菁3"
"44165","台茶8號","11-2","第六水",71,"23",6.8,4,1.7,0,65.5,"茶菁3"
"44165","台茶8號","11-2","第六水",71,"24",6.6,4,1.65,1,65.5,"茶菁3"
"44165","台茶8號","11-2","第六水",71,"25",5.8,4,1.45,1,65.5,"茶菁3"
"44165","台茶8號","11-2","第六水",71,"26",5.7,4,1.425,0,65.5,"茶菁3"
"44165","台茶8號","11-2","第六水",71,"27",7.4,4,1.85,0,65.5,"茶菁3"
"44165","台茶8號","11-2","第六水",71,"28",6.6,3,2.2,0,65.5,"茶菁3"
"44165","台茶8號","11-2","第六水",71,"29",7.4,5,1.48,0,65.5,"茶菁3"
"44165","台茶8號","11-2","第六水",71,"30",7.2,5,1.44,0,65.5,"茶菁3"
"44181","四季春","5-1,5-2","第七水",61,"1",7.5,4,1.875,1,143.8,"茶菁1"
"44181","四季春","5-1,5-2","第七水",61,"2",9.4,4,2.35,1,143.8,"茶菁1"
"44181","四季春","5-1,5-2","第七水",61,"3",10.8,5,2.16,1,143.8,"茶菁1"
"44181","四季春","5-1,5-2","第七水",61,"4",11.8,5,2.36,1,143.8,"茶菁1"
"44181","四季春","5-1,5-2","第七水",61,"5",8.8,5,1.76,1,143.8,"茶菁1"
"44181","四季春","5-1,5-2","第七水",61,"6",9,5,1.8,1,143.8,"茶菁1"
"44181","四季春","5-1,5-2","第七水",61,"7",8.9,4,2.225,1,143.8,"茶菁1"
"44181","四季春","5-1,5-2","第七水",61,"8",9.7,5,1.94,1,143.8,"茶菁1"
"44181","四季春","5-1,5-2","第七水",61,"9",10.1,4,2.525,1,143.8,"茶菁1"
"44181","四季春","5-1,5-2","第七水",61,"10",7.1,4,1.775,1,143.8,"茶菁1"
"44181","四季春","5-1,5-2","第七水",61,"11",9.3,4,2.325,1,153.8,"茶菁2"
"44181","四季春","5-1,5-2","第七水",61,"12",14.6,5,2.92,1,153.8,"茶菁2"
"44181","四季春","5-1,5-2","第七水",61,"13",77.8,4,19.45,1,153.8,"茶菁2"
"44181","四季春","5-1,5-2","第七水",61,"14",7,4,1.75,1,153.8,"茶菁2"
"44181","四季春","5-1,5-2","第七水",61,"15",8.2,5,1.64,1,153.8,"茶菁2"
"44181","四季春","5-1,5-2","第七水",61,"16",10,5,2,1,153.8,"茶菁2"
"44181","四季春","5-1,5-2","第七水",61,"17",8.1,4,2.025,1,153.8,"茶菁2"
"44181","四季春","5-1,5-2","第七水",61,"18",7.8,4,1.95,1,153.8,"茶菁2"
"44181","四季春","5-1,5-2","第七水",61,"19",8.4,4,2.1,1,153.8,"茶菁2"
"44181","四季春","5-1,5-2","第七水",61,"20",7.6,4,1.9,1,153.8,"茶菁2"
"44181","四季春","5-1,5-2","第七水",61,"21",7.9,3,2.63333333333333,1,162.2,"茶菁3"
"44181","四季春","5-1,5-2","第七水",61,"22",7.5,4,1.875,1,162.2,"茶菁3"
"44181","四季春","5-1,5-2","第七水",61,"23",6.2,4,1.55,1,162.2,"茶菁3"
"44181","四季春","5-1,5-2","第七水",61,"24",9.1,4,2.275,1,162.2,"茶菁3"
"44181","四季春","5-1,5-2","第七水",61,"25",11.6,5,2.32,1,162.2,"茶菁3"
"44181","四季春","5-1,5-2","第七水",61,"26",8.6,4,2.15,1,162.2,"茶菁3"
"44181","四季春","5-1,5-2","第七水",61,"27",8.1,5,1.62,1,162.2,"茶菁3"
"44181","四季春","5-1,5-2","第七水",61,"28",10.4,5,2.08,1,162.2,"茶菁3"
"44181","四季春","5-1,5-2","第七水",61,"29",9.3,5,1.86,1,162.2,"茶菁3"
"44181","四季春","5-1,5-2","第七水",61,"30",9.8,5,1.96,1,162.2,"茶菁3"
